au,mean_R,mean_T,mean_N,std_R,std_T,std_N,mean_density,std_density,mean_temperature,std_temperature,beta_parallel,anisotropy,taylor_epsilon,shift_k_coef
0.1,534.5816650390625,-54.7412109375,-22.960554122924805,31.831085205078125,43.74921417236328,100.12480926513672,202.6702117919922,97.88236999511719,95.58694458007812,21.085851669311523,0.11567488,1.5384952,0.8315962134963615,4.526937356479918
0.10200000000000001,554.0684204101562,-74.79362487792969,-17.074058532714844,44.66456985473633,40.47551345825195,104.01280212402344,217.22976684570312,103.352783203125,117.6334457397461,30.650344848632812,0.21672836,1.3169588,0.5775100908924996,2.9905117811790953
0.10400000000000001,561.1143188476562,-80.63029479980469,-37.11181640625,58.71638488769531,46.73492431640625,105.51961517333984,246.71510314941406,133.3443145751953,122.73490142822266,34.50319290161133,0.349039,1.2156662,0.48851377878360686,2.294859572050706
0.10600000000000001,547.9373168945312,-70.539794921875,-22.586326599121094,59.541385650634766,45.84706497192383,108.87024688720703,208.0513153076172,120.85111236572266,115.62156677246094,36.40452194213867,0.29588285,1.1836256,0.9705367890933572,3.679559447551683
0.10800000000000001,479.32574462890625,-46.13750076293945,-64.30912780761719,31.922487258911133,41.025428771972656,84.29295349121094,162.4139404296875,60.60497283935547,108.37187957763672,16.147111892700195,0.14377764,1.3767823,0.461780667084909,3.2402461319090063
0.11000000000000001,469.7438659667969,-59.532413482666016,-68.80265045166016,41.118019104003906,52.7147331237793,95.18721771240234,193.13363647460938,82.30009460449219,132.0044403076172,26.018518447875977,0.3335891,1.1141669,0.48214689786087006,2.5558733241673286
0.11200000000000002,454.8453674316406,-85.3839340209961,11.541450500488281,54.27094268798828,45.748165130615234,72.3729476928711,205.42691040039062,102.19734954833984,128.33074951171875,29.285791397094727,0.40052232,1.0451908,0.3290386256518244,2.120536809616591
0.11400000000000002,396.7428283691406,-35.000972747802734,-60.423824310302734,30.001131057739258,36.78727340698242,86.86587524414062,201.20318603515625,81.50084686279297,82.3646011352539,13.613286018371582,0.19111632,1.1668494,0.49606182165508944,2.9317413176448603
0.11600000000000002,391.3387145996094,-40.870426177978516,-27.84733772277832,27.922082901000977,27.435882568359375,38.92548751831055,208.9576873779297,76.99654388427734,68.1629867553711,13.591511726379395,0.14592063,1.2652059,0.427756779937964,4.021834508472451
0.11800000000000002,381.17742919921875,-56.46892166137695,-19.3718204498291,19.573043823242188,31.429494857788086,36.8695182800293,273.3641662597656,74.0893325805664,61.41762161254883,11.024577140808105,0.16148742,1.4733845,0.20166551546871694,2.2844919676472495
0.12000000000000002,431.8154296875,-54.18054962158203,-25.42704200744629,46.86309814453125,36.85190963745117,60.81193542480469,220.18882751464844,99.53889465332031,72.41413879394531,21.62057113647461,0.24201103,1.2298683,0.5236216442410077,2.9386487048582346
0.12200000000000003,419.2016296386719,-55.8582763671875,-13.531049728393555,25.549301147460938,37.52360153198242,59.05927658081055,219.8244171142578,107.6612319946289,58.08489990234375,13.58467960357666,0.16056304,1.5079843,0.38881690113604483,2.6796034946718263
0.12400000000000003,432.3184509277344,-48.042423248291016,-19.071491241455078,18.934648513793945,24.132158279418945,52.66830825805664,221.9713592529297,91.8012466430664,58.31433868408203,9.130226135253906,0.1706168,1.5028319,0.35776955446953,2.8383160713818816
0.12600000000000003,458.0132751464844,-56.97393798828125,-24.072307586669922,27.964160919189453,28.06841278076172,53.95587158203125,231.35321044921875,88.95508575439453,69.29667663574219,12.775057792663574,0.29501453,1.2676859,0.2529292559570719,2.044172594755487
0.12800000000000003,486.2215270996094,-74.51871490478516,-62.21464538574219,48.258731842041016,31.255632400512695,54.763755798339844,290.5912170410156,60.69453430175781,77.26856994628906,15.354081153869629,0.46442333,1.2054678,0.12502141091589994,1.3728208997235818
0.13000000000000003,446.09368896484375,-52.013458251953125,-29.94430923461914,28.698444366455078,23.10199737548828,61.37440872192383,226.3942413330078,89.35760498046875,60.24648666381836,12.292963981628418,0.2604026,1.3128917,0.287517963216056,2.087788572408254
0.13200000000000003,457.01092529296875,-56.695072174072266,-6.685133457183838,35.56669998168945,18.099231719970703,71.48857879638672,194.02920532226562,91.32078552246094,66.38510131835938,14.082441329956055,0.34375742,1.163234,0.37157354310822727,2.172380461030002
0.13400000000000004,427.1709289550781,-47.54465103149414,-13.99142837524414,21.053634643554688,15.464460372924805,62.92698287963867,208.2418212890625,77.78388214111328,52.03274154663086,7.71156644821167,0.19864675,1.4195303,0.29757007527770263,2.2230914555402914
0.13600000000000004,456.080322265625,-59.34550857543945,-18.617313385009766,47.791954040527344,25.339933395385742,60.89552688598633,226.59698486328125,100.8335189819336,62.0253791809082,18.82323455810547,0.39399517,1.1698956,0.24733239839024748,1.7068139802832885
0.13800000000000004,457.6585388183594,-44.73514175415039,-43.217899322509766,42.78843688964844,23.50604248046875,54.97578811645508,148.39500427246094,105.41880798339844,64.40739440917969,22.512353897094727,0.27300736,0.9987082,0.45200801905500465,2.849155283562009
0.14000000000000004,467.8317565917969,-68.16630554199219,-50.71642303466797,37.50730895996094,23.625499725341797,54.92778778076172,242.58413696289062,76.63436889648438,63.920433044433594,12.956099510192871,0.4173542,1.220973,0.14103397344506766,1.4518904270543014
0.14200000000000004,466.2452087402344,-82.66938781738281,-33.580078125,33.2493896484375,30.80240821838379,50.486698150634766,220.4594268798828,65.26456451416016,77.37156677246094,15.954073905944824,0.5096113,1.2215326,0.15350756605999688,1.5093830944899633
0.14400000000000004,517.4945068359375,-58.1065788269043,-38.53825378417969,61.14434814453125,24.965118408203125,56.13561248779297,54.01875686645508,63.83332824707031,93.54273986816406,24.04834747314453,0.18312098,1.0872147,0.15431983439610147,1.765706679880552
0.14600000000000005,476.7117614746094,-70.45695495605469,-35.74454116821289,48.57526779174805,34.39311981201172,60.34102249145508,135.44931030273438,91.95308685302734,74.98297882080078,19.147022247314453,0.5437586,0.93102753,0.606911783380571,2.6851722278306025
0.14800000000000005,456.02008056640625,-38.03865051269531,-61.22062301635742,28.430782318115234,21.87019920349121,69.71343231201172,93.92168426513672,60.10694885253906,61.62009811401367,15.432226181030273,0.22229554,0.9612642,0.24955312530910226,2.0510169399358613
0.15000000000000005,448.4643249511719,-52.081851959228516,-35.330387115478516,28.851524353027344,25.383403778076172,71.6840591430664,113.36137390136719,57.688175201416016,62.03337860107422,13.190848350524902,0.27684465,1.102886,0.5957951791376265,3.076330109090054
0.15200000000000005,462.4693298339844,-52.99545669555664,-33.61113357543945,42.582637786865234,26.55945587158203,75.4066162109375,92.1568603515625,60.84480667114258,70.67727661132812,18.730144500732422,0.33939418,0.929144,0.5102493547501173,2.630155273584553
0.15400000000000005,437.99871826171875,-42.08626937866211,-45.830257415771484,52.01297378540039,24.622995376586914,65.3759536743164,68.06353759765625,62.45641326904297,60.783599853515625,22.58527374267578,0.18325947,0.8867726,0.32463236334506596,2.3819251943863926
0.15600000000000006,405.7167663574219,-54.573604583740234,-10.764166831970215,20.356138229370117,21.4172420501709,42.76953887939453,128.54248046875,48.40796661376953,42.7838134765625,8.283568382263184,0.15528624,1.4146122,0.40628816367083176,3.2476663652152133
0.15800000000000006,425.8792724609375,-58.85556411743164,-15.849831581115723,29.668737411499023,20.504772186279297,40.644630432128906,112.45777130126953,58.900333404541016,52.66606521606445,14.471456527709961,0.20922853,1.3437034,0.7535359570710223,4.884527865132476
0.16000000000000006,462.3155517578125,-62.626373291015625,-51.21735382080078,42.219520568847656,31.078149795532227,70.344970703125,122.22463989257812,54.53653335571289,60.36941146850586,15.173517227172852,0.40276322,1.1235373,0.3060104201266668,1.8034645690143227
0.162,450.6865234375,-57.095916748046875,-22.88128089904785,29.703123092651367,16.764331817626953,46.31500244140625,87.32560729980469,50.257110595703125,60.86056137084961,17.636512756347656,0.26311356,0.9759946,1.9742714005122257,11.30110771743334
0.164,467.37750244140625,-72.02864074707031,-26.10811424255371,29.238544464111328,29.453750610351562,56.456642150878906,118.50717163085938,49.28683090209961,62.65521240234375,10.52788257598877,0.3798719,1.2215587,0.25070758934184695,1.8395913800428918
0.166,482.88604736328125,-76.97012329101562,-10.387014389038086,37.95386505126953,20.836490631103516,68.89215087890625,104.80529022216797,47.327171325683594,68.73841857910156,14.137744903564453,0.5104243,1.1366941,0.30685768731451063,1.8200957137890925
0.168,447.88079833984375,-61.09809112548828,-16.876850128173828,17.023225784301758,12.93182373046875,42.127506256103516,80.66461181640625,28.52568817138672,56.64006423950195,10.036843299865723,0.21200733,1.1626935,0.42125187489939375,3.7097637990230035
0.17,506.0353088378906,-67.45448303222656,-50.214317321777344,38.41889572143555,30.2143611907959,69.91612243652344,59.92719650268555,38.557071685791016,83.2615966796875,23.49829864501953,0.34485018,1.0495663,0.571315284752581,3.004140606119997
0.17200000000000001,509.644775390625,-69.22005462646484,-53.7132682800293,36.484107971191406,29.066715240478516,65.36703491210938,59.588314056396484,40.81730270385742,88.92359924316406,22.224641799926758,0.41402838,0.958014,0.4548762314987091,2.6481544882102117
0.17400000000000002,518.8406982421875,-76.45794677734375,-32.89548873901367,56.22174835205078,29.760276794433594,64.89834594726562,57.6201286315918,40.15361404418945,86.7420654296875,28.969440460205078,0.4314578,1.0424746,1.3317397719518667,5.010894605074917
0.17600000000000002,467.55975341796875,-72.64045715332031,-14.57530403137207,17.62413787841797,21.875974655151367,44.07371520996094,73.35581970214844,38.26464080810547,60.814022064208984,12.819982528686523,0.22618037,1.3203105,0.3615387491927428,3.0154641140755185
0.17800000000000002,465.6905822753906,-60.962623596191406,-31.088972091674805,25.98716926574707,18.37921142578125,31.290531158447266,56.61818313598633,27.14301109313965,53.29419708251953,10.532064437866211,0.13034205,1.4226913,0.3213810505920499,3.5172470059391796
0.18000000000000002,502.0948791503906,-62.22183609008789,-54.18640899658203,34.1538200378418,27.542884826660156,69.15737915039062,55.36402130126953,35.31522750854492,74.85479736328125,23.484615325927734,0.35779426,1.0875905,0.4933110596551026,2.6576218179163016
0.18200000000000002,495.0218811035156,-69.55209350585938,-34.9442024230957,38.402587890625,14.29018783569336,30.515390396118164,58.37137985229492,31.253068923950195,73.79081726074219,19.889062881469727,0.3520666,1.0178182,2.4681875743824873,14.609920431462687
0.18400000000000002,526.0762939453125,-78.07526397705078,-62.24061965942383,35.11390686035156,18.093814849853516,41.837589263916016,66.75675964355469,25.671579360961914,81.708251953125,15.245495796203613,0.51667315,1.1564128,0.13609529027971157,1.5540540747210427
0.18600000000000003,514.0563354492188,-71.0040283203125,-63.37882995605469,42.90590286254883,15.359040260314941,47.24863815307617,51.32155990600586,25.151432037353516,89.27897644042969,18.612096786499023,0.6752801,0.8961563,0.21912220836591545,1.778723159375494
0.18800000000000003,489.6148986816406,-68.26350402832031,-55.660919189453125,17.24859619140625,15.196441650390625,53.693115234375,56.76613235473633,12.246315002441406,76.57132720947266,6.299134731292725,0.43424833,0.9820847,0.24121776241455148,2.0799474351148604
0.19000000000000003,525.734130859375,-77.3525619506836,-52.856353759765625,39.98081970214844,21.644603729248047,60.41926193237305,42.612308502197266,20.992321014404297,104.67024993896484,17.656747817993164,0.745994,0.85656524,0.343004951875967,2.1059997899440415
0.19200000000000003,504.8658142089844,-93.65374755859375,-19.463619232177734,30.874879837036133,23.64491081237793,53.56462478637695,55.852874755859375,19.538612365722656,95.31037902832031,13.699933052062988,0.7186752,1.0055585,0.23753068612011155,1.8074111655371343
0.19400000000000003,482.6226806640625,-77.2704849243164,-36.71514129638672,27.629451751708984,15.916435241699219,46.2762336730957,42.639991760253906,15.967378616333008,87.820068359375,18.457874298095703,0.40304685,0.9007056,0.46710664921026,3.4852680135678056
0.19600000000000004,485.5069580078125,-70.29461669921875,-44.659523010253906,29.560880661010742,15.540170669555664,37.25049591064453,31.12905502319336,15.566977500915527,80.2183837890625,22.62452507019043,0.22599955,1.0093048,0.4034656423249835,3.964884596807098
0.19800000000000004,510.05157470703125,-89.17634582519531,-0.6495544910430908,31.684375762939453,24.306852340698242,68.86929321289062,28.331077575683594,11.709972381591797,80.04308319091797,13.118674278259277,0.19227313,1.2599916,0.4112338845742632,2.904593054061444
0.20000000000000004,507.3045349121094,-85.6071548461914,-34.01610565185547,27.980873107910156,24.256372451782227,51.64396667480469,34.651363372802734,15.591922760009766,80.15117645263672,10.356433868408203,0.24845004,1.3321831,0.24384078168482817,2.220631507835265
0.20200000000000004,532.855712890625,-87.22480773925781,-14.448649406433105,49.838600158691406,20.664424896240234,67.64918518066406,28.59640884399414,18.035259246826172,81.96556854248047,26.40725326538086,0.27071863,1.1429207,0.5142711028846402,2.9342353551493905
0.20400000000000004,546.5511474609375,-91.96826171875,-33.19354248046875,46.070335388183594,27.94302749633789,67.8421630859375,31.580934524536133,19.19432830810547,85.27296447753906,24.438156127929688,0.34044546,1.1718812,0.4207288772360685,2.4249958272639596
0.20600000000000004,512.575927734375,-82.65878295898438,-9.238544464111328,17.862850189208984,16.129188537597656,51.99637985229492,20.881893157958984,12.029670715332031,69.76685333251953,12.346565246582031,0.120466076,1.2691042,0.41214074745040435,4.12008978694549
0.20800000000000005,507.06195068359375,-67.12236022949219,-60.88836669921875,27.446882247924805,17.969388961791992,52.480247497558594,19.239744186401367,12.570287704467773,78.08380889892578,25.12651824951172,0.1442076,1.1345701,0.32145627352019546,3.266292860838718
0.21000000000000005,540.733642578125,-65.80662536621094,-78.98130798339844,49.97823715209961,23.468791961669922,48.051551818847656,12.989544868469238,12.54684829711914,94.97592163085938,32.88764190673828,0.14960136,0.86850744,0.20701112359752716,2.4603519663844526
0.21200000000000005,553.5096435546875,-84.21056365966797,-42.57221603393555,24.895414352416992,18.012847900390625,43.169185638427734,19.981611251831055,12.084892272949219,79.9979476928711,20.617074966430664,0.15730782,1.3645761,0.8238396193556562,7.155509259958361
0.21400000000000005,536.4656982421875,-94.05040740966797,-8.61702823638916,19.96751594543457,19.353050231933594,55.18666458129883,26.78737449645996,10.910146713256836,69.19319152832031,9.581489562988281,0.16942464,1.3696555,0.2408335909889551,2.3808533567718184
0.21600000000000005,534.5577392578125,-91.36376953125,-41.96946334838867,30.726455688476562,23.964445114135742,65.91735076904297,31.367168426513672,11.002684593200684,72.36640930175781,10.164216995239258,0.23967746,1.3504305,0.21990834330828343,1.879454608131545
0.21800000000000005,512.0792236328125,-78.19210815429688,-30.907846450805664,16.766098022460938,19.110095977783203,54.20124053955078,17.10646629333496,9.378966331481934,71.73627471923828,13.53480052947998,0.11945577,1.2810738,5.8313391248742485,43.87821808994153
0.22000000000000006,561.1768188476562,-100.11092376708984,-17.776273727416992,24.27268409729004,19.500635147094727,45.83633804321289,28.26743507385254,13.492375373840332,79.1554946899414,13.72448444366455,0.27889174,1.2583665,0.1865496039447293,2.0254069195361213
0.22200000000000006,619.3928833007812,-77.37351989746094,-124.79700469970703,46.16987609863281,18.100284576416016,56.73612594604492,26.216739654541016,13.310379981994629,96.15889739990234,19.80755615234375,0.5681192,0.80203587,0.09550405067903078,1.3464251043398268
0.22400000000000006,562.784912109375,-75.06908416748047,-72.00652313232422,32.12128448486328,25.150184631347656,65.00835418701172,16.414260864257812,15.53982925415039,81.18827056884766,28.105121612548828,0.19491836,1.0068113,0.38098007395143557,2.9785763320051917
0.22600000000000006,583.0946655273438,-93.47749328613281,-13.358831405639648,37.0194206237793,20.62598419189453,53.76802444458008,14.629343032836914,12.44113540649414,73.8254165649414,25.832834243774414,0.16139658,1.0151523,0.2649586224082611,2.612115607927443
0.22800000000000006,600.4170532226562,-94.29578399658203,-31.807565689086914,30.701629638671875,23.231300354003906,74.69072723388672,21.71938705444336,12.643662452697754,67.37464141845703,18.221790313720703,0.2542689,1.2083539,0.37699373396835223,2.339510029799265
0.23000000000000007,641.0466918945312,-101.4830093383789,-53.91987991333008,44.085838317871094,23.4854736328125,67.91351318359375,21.510082244873047,17.475540161132812,99.93267822265625,33.40382385253906,0.8370039,1.0300416,0.5538030766339447,2.391140870920987
0.23200000000000007,656.4547729492188,-113.19998931884766,-27.83652114868164,38.26759338378906,22.633647918701172,68.90998840332031,19.62649917602539,16.951566696166992,111.03748321533203,28.247844696044922,1.2727051,1.0239884,0.37638907856991144,1.8325186072491402
0.23400000000000007,573.4689331054688,-81.67768096923828,-66.51654815673828,42.03201675415039,23.901132583618164,71.88709259033203,19.77779769897461,13.491063117980957,72.01250457763672,21.32347297668457,0.29566208,1.0377218,0.2886553808830523,2.005270660924676
0.23600000000000007,570.9924926757812,-92.73779296875,-58.3601188659668,44.10531997680664,28.058818817138672,65.25910186767578,28.655363082885742,17.90058708190918,83.82421875,23.15349769592285,0.5920756,1.11134,0.4508718241491124,2.211735514961458
0.23800000000000007,566.9561157226562,-90.1903305053711,-49.44375991821289,36.033912658691406,21.78189468383789,68.22705078125,26.137493133544922,14.722722053527832,95.95899200439453,25.758211135864258,0.960174,1.0317308,0.45081255382458374,2.0888614117957003
0.24000000000000007,552.956298828125,-98.82135009765625,-31.370349884033203,22.735170364379883,13.170406341552734,35.015472412109375,31.70148277282715,12.60412311553955,89.49803924560547,13.946579933166504,0.72938085,1.0726632,0.096711858912998,1.4678179206615363
0.24200000000000008,487.9762268066406,-72.05184173583984,-48.64803695678711,26.884864807128906,10.640875816345215,23.243534088134766,23.30131721496582,18.023941040039062,73.48086547851562,13.495708465576172,0.54707223,0.9927182,0.11676227347607258,1.7157412598564248
0.24400000000000008,512.4581298828125,-76.86904907226562,-51.457889556884766,25.71360206604004,8.101133346557617,21.30525779724121,28.757877349853516,11.216666221618652,74.49800872802734,11.780131340026855,2.014868,0.89110166,0.0955281975209095,1.3436033977742456
0.24600000000000008,522.8688354492188,-81.64390563964844,-40.7076530456543,13.423480987548828,7.281141757965088,19.559547424316406,24.23223304748535,7.825070381164551,75.57080078125,8.830306053161621,0.95525485,0.88152385,0.1359695176581369,1.9940280241746233
0.24800000000000008,542.3118896484375,-88.8753662109375,-29.01170539855957,20.78986167907715,6.834799289703369,15.781206130981445,16.076181411743164,5.698502540588379,89.57282257080078,11.964753150939941,0.5789653,0.6895765,0.2645836191036537,3.6810259580144344
0.2500000000000001,528.2030029296875,-90.33645629882812,-18.09726333618164,18.171598434448242,10.688065528869629,25.903608322143555,17.348581314086914,7.296343803405762,67.88629150390625,7.435560703277588,0.24962203,1.053616,0.21731719563228902,3.063863302367221
0.2520000000000001,593.6940307617188,-78.01708221435547,-94.17335510253906,38.21357345581055,19.069076538085938,29.569297790527344,21.98179054260254,8.466222763061523,91.14360046386719,17.071378707885742,0.8482955,0.93796337,0.07787336214247181,1.310667144083793
0.2540000000000001,615.9163208007812,-103.09784698486328,-64.46515655517578,29.319656372070312,22.698768615722656,30.244211196899414,16.548768997192383,8.966755867004395,108.90961456298828,18.454147338867188,1.0257925,0.9016514,0.6006394383955134,3.619089906915674
0.2560000000000001,607.9603271484375,-108.11317443847656,-48.223899841308594,31.509742736816406,22.479639053344727,32.90426254272461,11.712888717651367,7.392833232879639,105.86769104003906,22.517404556274414,0.43801573,0.83796483,0.21945816553480485,2.391917743184162
0.2580000000000001,539.9679565429688,-65.7870101928711,-77.80206298828125,37.524147033691406,25.93605613708496,37.18952178955078,10.679163932800293,9.349325180053711,77.10436248779297,24.35430335998535,0.23834445,0.76063323,0.20562143848738118,2.3417340359053025
0.2600000000000001,528.824951171875,-91.72883605957031,-41.88009262084961,21.084707260131836,24.384981155395508,31.721784591674805,17.188016891479492,8.722530364990234,60.577247619628906,10.367863655090332,0.19625953,1.327598,0.21453608168016025,2.4778671519896216
0.262,553.9326171875,-45.874813079833984,-33.256404876708984,20.334522247314453,80.01677703857422,76.24295043945312,13.340715408325195,8.325004577636719,61.004024505615234,12.188836097717285,0.20538613,1.362916,0.7642906380300137,3.0587330477119603
0.264,575.5725708007812,10.140068054199219,11.3902006149292,35.085472106933594,100.60215759277344,104.36953735351562,7.427527904510498,8.7507963180542,76.3045883178711,21.19070816040039,0.16266887,1.3068845,0.636542265205392,2.648551795516946
0.266,612.730712890625,1.467948317527771,-15.749058723449707,37.0141716003418,118.0047836303711,116.29051971435547,9.144767761230469,9.966687202453613,92.48462677001953,25.405895233154297,0.5994986,1.0536189,1.215632043563947,2.710666218570094
0.268,600.21923828125,12.87617301940918,-34.55905532836914,34.119319915771484,106.51741790771484,100.33122253417969,9.863125801086426,8.467632293701172,87.77488708496094,22.235872268676758,0.4155132,1.040858,0.39145359095633286,1.7312999864709988
0.27,614.788818359375,-15.458420753479004,-17.5598087310791,42.672481536865234,105.5537109375,110.50080108642578,10.902889251708984,10.179814338684082,87.0898208618164,25.53122329711914,0.73562026,1.0563164,0.8122372394701043,2.0704226619877413
0.272,571.0613403320312,11.689892768859863,2.643376111984253,41.47079849243164,107.30936431884766,95.95338439941406,8.556589126586914,9.25229263305664,78.25955200195312,24.191015243530273,0.26523092,1.1040405,0.9190111089284708,2.994659364911681
0.274,571.420166015625,-4.506462097167969,-5.662491321563721,45.56411361694336,111.93741607666016,105.62321472167969,9.049442291259766,10.042767524719238,88.99691009521484,32.345821380615234,0.41093895,0.97428286,0.29732243874161657,1.5382388514244187
0.278,493.44110107421875,-70.1117935180664,-61.024784088134766,44.87044906616211,10.047911643981934,13.546194076538086,16.104238510131836,10.318624496459961,69.32536315917969,8.096160888671875,1.2210913,0.7385379,0.0947773949144337,1.3209196426442846
0.28,481.1884460449219,-72.92261505126953,-53.09388732910156,17.541988372802734,11.699963569641113,18.61188507080078,20.691387176513672,12.336411476135254,66.22662353515625,11.801898956298828,1.1054612,0.90791357,0.15681342051718455,1.871926608177255
0.28200000000000003,494.0634765625,-57.67763900756836,-77.67359161376953,16.361690521240234,11.903031349182129,15.428130149841309,29.11812400817871,16.404855728149414,57.54792785644531,8.235501289367676,2.4957533,0.5892406,0.032426050352451455,1.1405681488202608
0.28400000000000003,483.0399475097656,133.8448486328125,52.6670036315918,13.790703773498535,9.38676929473877,19.923160552978516,3.1105611324310303,2.04536771774292,71.39976501464844,16.210960388183594,0.2675332,0.46327347,0.0360291318640653,1.5532806584445933
0.28600000000000003,472.463623046875,129.96835327148438,54.85493469238281,13.421802520751953,7.240377426147461,16.590087890625,2.2752912044525146,0.9028037786483765,66.18718719482422,13.071969985961914,0.15896122,1.0522243,0.11327652569428606,2.9737407001137797
0.28800000000000003,470.0540466308594,131.693603515625,45.70140838623047,13.15367603302002,9.384613990783691,22.004776000976562,3.590822458267212,2.3065924644470215,54.322792053222656,15.124859809875488,0.19837297,1.331404,0.06426550837827225,1.6900839047391973
0.29000000000000004,462.7585144042969,128.71383666992188,46.66788864135742,15.407980918884277,10.161690711975098,22.64241600036621,3.1213035583496094,1.528928279876709,45.7191276550293,9.373260498046875,0.08993085,1.4294254,0.05235118799433868,1.6973917731750923
0.29200000000000004,414.7999267578125,37.3556022644043,-14.201662063598633,20.965723037719727,88.23431396484375,49.12179946899414,4.056637287139893,3.5419609546661377,40.00377655029297,11.77895736694336,0.055401348,0.9475615,0.4891593110625888,3.5393819899868317
0.29400000000000004,409.9707336425781,-54.03036880493164,-44.18873977661133,16.80228614807129,16.383438110351562,22.395715713500977,7.700832843780518,4.633495807647705,39.566192626953125,9.359309196472168,0.08719292,0.9749778,0.41914003852463433,6.433124957618931
0.29600000000000004,460.8040771484375,-73.6092300415039,-43.00506591796875,35.81842041015625,29.159114837646484,41.87285614013672,20.528728485107422,13.013204574584961,45.8283576965332,10.702465057373047,0.4420135,1.2160964,0.7533057554641999,3.2516435058256854
0.29800000000000004,472.599365234375,-72.01770782470703,-45.21345520019531,31.08976173400879,26.663375854492188,46.06270980834961,12.756243705749512,12.218324661254883,52.867149353027344,10.335054397583008,0.41155586,0.9929178,0.2770270888974616,1.9994567697818888
0.30000000000000004,433.6945495605469,-51.103797912597656,-64.47602081298828,31.626325607299805,23.795181274414062,33.8656005859375,10.455734252929688,9.954988479614258,51.03059005737305,14.751561164855957,0.21479131,0.774521,0.17064103203956357,2.0722567745526312
0.30200000000000005,450.8246154785156,-56.825157165527344,-65.31776428222656,15.779020309448242,26.99013328552246,35.35107421875,15.949563026428223,8.481090545654297,43.61992263793945,6.600555419921875,0.23924096,1.0617484,0.12667805565132068,1.695309893005127
0.30400000000000005,467.4674987792969,-81.27963256835938,-43.160133361816406,19.361047744750977,24.60003089904785,37.99906921386719,20.317052841186523,7.976337909698486,54.850101470947266,6.097655773162842,0.52024645,1.0269094,0.3322419963485076,2.3443208675970393
0.30600000000000005,506.4413146972656,-79.08531951904297,-58.588375091552734,31.239408493041992,29.020782470703125,45.072635650634766,19.544666290283203,10.56159782409668,63.868492126464844,9.389802932739258,1.1351218,0.77508885,0.1182273787172175,1.3034528909502887
0.30800000000000005,483.14337158203125,118.67365264892578,71.14891815185547,14.818045616149902,15.342801094055176,45.77777862548828,3.0334484577178955,1.0467888116836548,66.20745086669922,12.236676216125488,0.080418944,1.4293567,0.09122249009565857,1.8945039939260584
0.31000000000000005,434.8971252441406,117.81062316894531,59.330543518066406,20.587236404418945,9.516326904296875,22.883867263793945,3.061464786529541,1.2391324043273926,57.13557052612305,10.962729454040527,0.064718775,1.1937973,0.05465847738958364,1.928505307182052
0.31200000000000006,360.5469665527344,111.46016693115234,29.334993362426758,24.86627197265625,8.267156600952148,20.81682586669922,11.208984375,4.806667804718018,31.08228874206543,10.008477210998535,0.112259276,1.5879624,0.06762244570816694,1.5578204482989235
0.31400000000000006,312.40228271484375,106.9575424194336,5.602622985839844,18.08397674560547,8.879202842712402,27.511877059936523,6.384195327758789,6.571253776550293,26.598941802978516,8.720956802368164,0.0672267,1.2895727,0.1264325413936133,2.321690631844708
0.31600000000000006,290.0235900878906,103.38152313232422,4.594602584838867,17.950706481933594,5.799788475036621,19.382837295532227,13.089861869812012,10.446616172790527,19.935894012451172,4.359169006347656,0.10722397,1.3607873,0.10325733754728848,1.9148533800757712
0.31800000000000006,295.1845703125,-30.931303024291992,-40.996299743652344,12.565658569335938,9.34722900390625,13.368571281433105,26.89923095703125,12.067917823791504,20.038217544555664,3.2619688510894775,0.44435635,1.2468598,0.12034923530012132,1.7119258794282406
0.32000000000000006,319.19329833984375,-15.082948684692383,-66.13245391845703,10.66001033782959,8.321898460388184,10.13650131225586,11.179143905639648,7.999238014221191,27.66893768310547,4.672885417938232,0.25796694,0.4528807,0.04074949271171626,1.6132545095161048
0.32200000000000006,315.7006530761719,-4.583637237548828,-75.37225341796875,9.894041061401367,5.066701412200928,8.60267162322998,9.893282890319824,5.674246311187744,23.309219360351562,7.096127510070801,0.16415086,0.39803666,0.027523487296813264,1.5902971815127596
0.32400000000000007,329.4399108886719,-14.04542350769043,-69.69690704345703,23.19301986694336,7.141107559204102,7.326429843902588,2.9057981967926025,2.4913480281829834,33.189186096191406,7.271569728851318,0.10666993,0.4285207,0.11365130729628188,2.967530592547881
0.32600000000000007,370.5008544921875,-38.6068115234375,-54.23971939086914,39.947547912597656,13.146342277526855,2.834981679916382,3.205782651901245,0.8079756498336792,35.63160705566406,8.726404190063477,0.073108785,0.5913948,0.3299666884063562,4.9658899696475824
0.32800000000000007,407.5814208984375,-58.39987564086914,-45.41014099121094,9.468382835388184,4.881955146789551,3.7595624923706055,6.318395137786865,1.5327672958374023,33.21310806274414,3.3553950786590576,0.16176285,0.95780957,0.027424218111486653,1.6906770630475232
0.33000000000000007,378.4039306640625,-51.00209426879883,-47.11386489868164,23.731639862060547,11.152342796325684,10.141396522521973,9.124021530151367,2.8297104835510254,33.433258056640625,5.189576148986816,0.3049284,1.1855372,0.06936829276987831,1.477075412808448
0.3320000000000001,358.0070495605469,-45.4598503112793,-42.93379211425781,4.651623249053955,6.617088794708252,9.173272132873535,6.332152366638184,4.097194671630859,26.076955795288086,1.4531608819961548,0.16738349,0.8391027,0.020892935063466258,1.4417442334931017
0.3340000000000001,346.48309326171875,-41.8482551574707,-43.96367645263672,7.773937225341797,9.037174224853516,10.59683895111084,6.120626449584961,3.1170427799224854,24.562620162963867,2.8720786571502686,0.2011702,0.7214326,0.02925696547152884,1.4396686178126124
0.3360000000000001,351.0675354003906,106.03965759277344,24.44346809387207,11.523158073425293,4.302474021911621,10.717850685119629,1.5101807117462158,0.33182212710380554,23.652542114257812,1.7686656713485718,0.034636773,1.4011494,0.029591280887027595,1.8241017869578637
0.3380000000000001,354.6376953125,109.70645141601562,14.606226921081543,9.876927375793457,1.7509757280349731,10.313933372497559,1.5466341972351074,0.6241458058357239,24.676509857177734,1.6230504512786865,0.036559634,1.401607,0.025889640997556137,1.8127493709675135
0.3400000000000001,367.6812438964844,108.74397277832031,26.360122680664062,6.1261420249938965,1.8687124252319336,3.5402657985687256,1.5848840475082397,0.25783732533454895,27.228971481323242,0.9311347007751465,0.03992639,1.3743825,0.012260857669694508,1.7661406708854712
0.3420000000000001,377.66558837890625,97.04696655273438,59.91607666015625,9.857732772827148,7.907281398773193,14.75402545928955,0.908352792263031,0.5915718078613281,34.615142822265625,9.123802185058594,0.02863803,1.2225034,0.049601243284993914,2.6214956759086157
0.3440000000000001,411.2703857421875,113.19055938720703,42.76008224487305,11.079195022583008,4.135265350341797,5.946410655975342,1.0406162738800049,0.3115328252315521,43.03483200073242,4.366629600524902,0.12746301,1.3467022,0.032007364049555086,1.7838328163674175
0.3460000000000001,420.2769775390625,-54.276527404785156,-54.043426513671875,6.284120559692383,5.609875202178955,7.903597831726074,12.52663803100586,3.9627816677093506,35.335548400878906,3.614208221435547,0.63883513,1.1314863,0.03869001225155889,1.467549430396513
0.3480000000000001,437.4235534667969,-61.65931701660156,-50.918060302734375,8.707064628601074,2.704662799835205,2.9345335960388184,7.016326904296875,1.8793421983718872,40.40184020996094,1.4063726663589478,1.0103028,1.0929718,0.04971173609541384,1.6234233053677678
0.3500000000000001,442.2269287109375,-62.358646392822266,-47.79316711425781,12.103399276733398,4.5242133140563965,5.669731140136719,3.4099905490875244,1.1251055002212524,43.35090637207031,6.648176670074463,0.1327229,0.69164854,0.4025964453576762,12.324292097496667
0.3520000000000001,496.2602233886719,-80.52227783203125,-45.16796112060547,22.6157169342041,4.908515453338623,6.782431602478027,4.4865312576293945,1.4936256408691406,51.250667572021484,6.35449743270874,0.23116781,0.87479824,0.1366439802856799,2.725002177371185
0.3540000000000001,490.0277404785156,-72.94950866699219,-54.034828186035156,19.2053279876709,8.976895332336426,16.425762176513672,4.2632527351379395,1.670215129852295,54.31837844848633,10.21635627746582,0.3121415,0.9080255,0.1477782935966771,2.4685865857296134
0.3560000000000001,490.24169921875,-79.02377319335938,-49.00889205932617,11.422599792480469,5.947368144989014,9.312950134277344,1.378284215927124,0.667817234992981,50.289703369140625,6.237985610961914,0.09294158,1.2470047,0.02081621687051049,1.552615937410072
0.3580000000000001,487.2856140136719,-78.8593978881836,-48.73941421508789,19.391033172607422,10.004115104675293,17.843469619750977,5.361891269683838,3.1497297286987305,56.22288513183594,12.056231498718262,0.8403781,0.807996,0.052075475629376575,1.3167660490142044
0.3600000000000001,509.9908447265625,-86.11729431152344,-44.90117645263672,11.50969123840332,13.46413516998291,16.82387351989746,7.845959663391113,2.6004247665405273,51.0475959777832,5.318090438842773,0.34103757,1.0131366,0.23245022394219705,3.268795992308169
0.3620000000000001,556.3552856445312,-95.47127532958984,-44.6284294128418,9.713921546936035,10.776298522949219,14.325221061706543,4.5045671463012695,2.2755703926086426,51.01055145263672,10.471927642822266,0.23488437,1.2193195,0.0514190955124439,1.679501670528992
0.3640000000000001,547.2972412109375,-103.33038330078125,-31.950464248657227,9.522576332092285,9.1824369430542,12.673562049865723,5.3752593994140625,1.7860010862350464,55.88182067871094,6.333110332489014,0.42078057,1.0031506,0.04969942316530751,1.6113195479792688
0.3660000000000001,564.9065551757812,-95.4330062866211,-56.917842864990234,18.801311492919922,14.356413841247559,20.12477684020996,7.521849632263184,3.032322645187378,68.46304321289062,10.206357955932617,0.8781451,1.0045686,0.12671438311826935,1.7040809496062779
0.3680000000000001,550.8252563476562,-90.6456298828125,-62.00008773803711,20.218835830688477,15.923638343811035,24.66924285888672,11.032291412353516,3.633114814758301,73.02075958251953,7.800262451171875,2.3981133,0.98875403,0.2572884097576772,1.7824693665977343
0.3700000000000001,510.4810791015625,-55.818973541259766,-88.99655151367188,12.802735328674316,3.942993640899658,7.79574728012085,4.5712409019470215,0.7111238837242126,78.37468719482422,9.99124526977539,0.23848091,0.9222572,0.08852086231391812,3.0813023964081343
0.3720000000000001,488.9499206542969,-60.96495056152344,-75.72848510742188,13.609990119934082,11.633345603942871,15.106261253356934,6.2649006843566895,3.271656036376953,73.37200164794922,7.2168498039245605,1.0088551,1.3480657,0.03991819761369107,1.2562721816892388
0.3740000000000001,409.987548828125,-46.88706588745117,-59.916725158691406,25.726289749145508,6.592998504638672,17.756608963012695,5.666047096252441,3.4793097972869873,44.11579132080078,8.431228637695312,0.13743193,0.5067463,0.07094421502784598,1.9506329102804405
0.3760000000000001,442.8397216796875,-50.170989990234375,-66.60863494873047,7.939510822296143,4.099829196929932,9.089432716369629,8.315401077270508,1.9875937700271606,35.712528228759766,2.162768602371216,4.042684,0.583157,0.018232314417879848,1.0979325885165974
0.3780000000000001,418.9658508300781,-46.06975173950195,-62.11434555053711,5.956112384796143,7.681581020355225,9.726714134216309,8.00169563293457,5.708573341369629,28.92169761657715,1.7387548685073853,0.15910915,1.50908,0.02791256808217803,1.4628732122604358
0.3800000000000001,423.4111633300781,-44.64122772216797,-74.2213134765625,18.047452926635742,16.7690372467041,14.189850807189941,15.250471115112305,8.202284812927246,30.43511962890625,3.297161340713501,1.2480665,0.8497238,0.04666186099098251,1.1672491103033087
0.3820000000000001,408.9004821777344,-29.4099063873291,-95.93924713134766,18.592618942260742,5.0288214683532715,6.476626396179199,10.598406791687012,2.8293075561523438,31.162826538085938,5.893381118774414,0.6360123,0.8224488,0.031046626060843723,1.2229507531246906
0.3840000000000001,521.3103637695312,-100.52411651611328,-31.79661750793457,18.50160026550293,10.933944702148438,11.124406814575195,5.246122360229492,1.9495363235473633,52.82695007324219,7.1300883293151855,0.68551743,0.70744044,0.043299529463670425,1.3426853271333643
0.3860000000000001,592.94677734375,-99.3927993774414,-46.859405517578125,20.348737716674805,63.845191955566406,33.5765380859375,6.132820129394531,3.094622850418091,68.34040832519531,7.408619403839111,1.4362984,0.7300482,0.09461895924512453,1.1882294459226919
0.3880000000000001,564.1814575195312,108.30797576904297,116.35516357421875,14.433244705200195,13.927461624145508,22.47953987121582,0.21808063983917236,0.0825173631310463,89.3619384765625,8.053956031799316,0.030205231,1.4288676,0.06379691644551655,2.98821337698263
0.3900000000000001,579.0238037109375,128.59385681152344,86.01089477539062,6.271808624267578,9.354655265808105,21.150365829467773,0.2877257764339447,0.148110032081604,87.08790588378906,13.14714241027832,0.10280279,1.2211488,0.09810009160943886,3.177425829982795
0.3920000000000001,561.6671142578125,127.338134765625,76.60404968261719,12.852721214294434,9.768533706665039,19.51312255859375,0.3037000000476837,0.08040965348482132,80.32144165039062,15.03387451171875,0.02500697,1.3201036,0.07082153161740186,3.8162884169093263
0.39400000000000013,548.6463623046875,124.36618041992188,77.61148834228516,10.415486335754395,11.175758361816406,19.24879264831543,1.1177303791046143,0.46940839290618896,70.65413665771484,7.796509742736816,0.088556014,1.3109765,0.045198158543456476,1.9254969514253388
0.39600000000000013,537.1406860351562,127.33656311035156,65.3592529296875,13.695276260375977,8.95720100402832,22.157608032226562,1.4861174821853638,0.6029015779495239,62.53676986694336,3.9162511825561523,0.0877157,1.4187275,0.046750581802208785,1.7843168190720589
0.39800000000000013,530.8098754882812,-1.0077991485595703,-18.865520477294922,18.270015716552734,106.27632141113281,60.79093551635742,1.7331490516662598,1.0956116914749146,59.439788818359375,8.497329711914062,0.081000336,0.9996942,0.2858286609379555,2.224462958614473
0.40000000000000013,513.7702026367188,-85.809326171875,-49.393409729003906,20.490882873535156,13.739066123962402,19.81961441040039,6.75648832321167,3.3902437686920166,51.224082946777344,7.607595920562744,0.42141107,0.93543845,0.1627163119518647,2.134329086426861
0.40200000000000014,528.9154052734375,-73.49366760253906,-69.14624786376953,16.065589904785156,13.76901626586914,18.666030883789062,2.563314914703369,1.7076539993286133,61.018314361572266,8.659360885620117,0.16912709,0.7615067,0.05258277748640102,1.7555577985730335
0.40400000000000014,533.0695190429688,-84.96453094482422,-56.660064697265625,23.34573745727539,14.227136611938477,23.354890823364258,3.863617181777954,2.1818106174468994,60.71247863769531,8.25236701965332,0.3363444,0.82601273,0.07359225114073288,1.5724755972081965
0.40600000000000014,495.5441589355469,-99.19672393798828,-34.82143783569336,19.69443702697754,16.513214111328125,22.68266487121582,12.643037796020508,5.236362457275391,57.168060302734375,7.014138221740723,1.1552918,0.9104855,0.0778481224864474,1.322475365125178
0.40800000000000014,420.54254150390625,-77.90674591064453,-27.747879028320312,23.928443908691406,12.99029541015625,16.264503479003906,6.1630401611328125,4.620269775390625,53.03227996826172,8.203775405883789,0.31546575,0.8050377,0.12113430084090696,2.039236683309367
0.41000000000000014,445.356201171875,-74.59180450439453,-56.5201301574707,27.763917922973633,11.258068084716797,18.609127044677734,6.4589409828186035,1.905091404914856,56.71352767944336,9.777868270874023,0.27502128,1.5780923,0.050094936528764435,1.3392067044463376
0.41200000000000014,370.4733581542969,-60.83143615722656,-40.44084930419922,17.359895706176758,7.21879243850708,10.689558029174805,35.832733154296875,20.62042808532715,30.420888900756836,1.4875223636627197,1.0661263,1.0098554,0.03673219625785004,1.1770063436661422
0.41400000000000015,366.69085693359375,-50.11946105957031,-42.41380310058594,4.061018466949463,10.48825454711914,12.370807647705078,18.190248489379883,14.42095947265625,22.78788185119629,4.696797847747803,0.14248388,0.5197352,0.02877303245332399,1.5166864000022828
0.41600000000000015,346.06591796875,-53.711849212646484,-28.42353057861328,4.703482151031494,10.122456550598145,14.286933898925781,0.7399719953536987,0.4247944951057434,25.76461410522461,3.6024575233459473,0.004813873,0.45376727,0.03505499931906796,4.472347180350558
0.41800000000000015,382.8739929199219,-77.95592498779297,-11.614385604858398,5.48262882232666,2.479050874710083,3.2417678833007812,1.4019157886505127,0.2770206034183502,23.92439079284668,2.223620891571045,0.00430283,0.99758404,0.01269364569287754,3.712955364815734
0.42000000000000015,416.7412109375,-73.58287048339844,-35.1944694519043,16.029251098632812,7.910038471221924,6.8016862869262695,1.0896213054656982,0.5124971866607666,38.98484420776367,2.5646073818206787,0.0051879953,1.1318492,0.040468212907053526,4.442316912284843
0.42200000000000015,429.8994445800781,-48.43503189086914,-73.30110168457031,47.53543472290039,11.97136402130127,31.464542388916016,0.415569543838501,0.4758005142211914,60.63619613647461,7.695034503936768,0.0040202015,0.73713386,0.17893437615561378,9.131502384128959
0.42400000000000015,427.97406005859375,-61.8404541015625,-51.87800979614258,13.52853775024414,16.206876754760742,25.01848602294922,15.922523498535156,8.489381790161133,36.19001388549805,7.644471168518066,0.33257863,0.9155073,0.0492085118451067,1.3159695135011984
0.42600000000000016,311.92437744140625,-64.864501953125,-40.691680908203125,26.690887451171875,17.995092391967773,25.218441009521484,0.4796191155910492,0.44205400347709656,143.443603515625,130.80621337890625,0.34806153,0.7425041,0.10086674912872626,2.0769609250777936
0.42800000000000016,307.84765625,-44.25276565551758,-31.423931121826172,4.389440059661865,4.623301029205322,5.59276008605957,0.4303395450115204,0.1353701651096344,18.294593811035156,1.1866906881332397,0.012977617,1.3762667,0.017078234879499794,2.3233155597955064
0.43000000000000016,317.4130554199219,-42.23027801513672,-35.003257751464844,6.352782726287842,5.553821563720703,6.290106773376465,3.1178178787231445,2.804379463195801,18.202877044677734,0.9364806413650513,0.25630027,0.5707262,0.020642326889180728,1.382947502898834
0.43200000000000016,309.9349060058594,-37.186885833740234,-38.71782302856445,18.740943908691406,12.495162010192871,9.81390380859375,1.0527703762054443,0.6194475889205933,24.196931838989258,3.5817787647247314,0.04212713,0.518621,0.07640075699888824,2.7702092906977533
0.4540000000000002,310.67474365234375,78.66803741455078,52.54533004760742,12.751648902893066,5.955188274383545,15.740921020507812,0.10707787424325943,0.05132044851779938,30.144775390625,6.278162479400635,0.036294736,0.47425115,0.044380865175706885,2.471242570964259
0.4560000000000002,325.8213195800781,84.64356994628906,43.834228515625,4.406781196594238,3.3065662384033203,7.074000358581543,0.04303314536809921,0.011378029361367226,26.849323272705078,5.048845291137695,0.0020493343,1.6538967,0.019185249279057206,5.000680094642783
0.4580000000000002,324.67926025390625,79.59782409667969,43.79829025268555,7.428150653839111,7.251597881317139,32.67058181762695,0.04998844489455223,0.00934311281889677,30.20181655883789,6.7367730140686035,0.0032978645,1.3605708,0.07886791480740112,4.869602577999552
0.4600000000000002,354.4141540527344,-58.420955657958984,-27.86809539794922,4.847398281097412,2.6815919876098633,2.9924263954162598,4.285210609436035,0.816670835018158,20.089941024780273,0.9740064144134521,0.18852729,1.1326375,0.04549141845605403,2.399382472403467
0.4620000000000002,333.16217041015625,-47.13175964355469,-34.49339294433594,2.961416244506836,3.1682519912719727,3.886597156524658,4.068854331970215,0.5216465592384338,19.192689895629883,0.6394875049591064,0.95513344,0.63872087,0.013392032378284823,1.2315899597698923
0.4640000000000002,346.1348571777344,-53.47895431518555,-27.9598331451416,6.23956823348999,4.453779220581055,5.143130779266357,1.7199655771255493,0.484859436750412,21.01706314086914,0.888616681098938,0.18026182,0.4988315,0.019413678491112658,1.5446990981866424
0.4660000000000002,344.4313659667969,-69.70612335205078,-4.701364517211914,7.002996444702148,5.274806499481201,4.757343769073486,0.5893365740776062,0.5303815007209778,18.917463302612305,2.5142476558685303,0.057854146,0.99817747,0.03426769189084613,2.2167251604390685
0.4680000000000002,305.3594055175781,73.2892837524414,56.20470428466797,6.989607810974121,1.2778180837631226,3.9907078742980957,0.5966793894767761,0.21750080585479736,14.966150283813477,3.474069595336914,0.021829396,1.2185247,0.01983935657968267,2.1657049748846138
0.4700000000000002,289.0218811035156,-25.502788543701172,-28.455923080444336,15.961458206176758,40.3106803894043,18.178918838500977,0.045964568853378296,0.023606345057487488,24.566078186035156,9.663890838623047,0.0029702976,0.64824593,0.2173938595331533,10.40837420238985
0.4720000000000002,346.94000244140625,-67.43858337402344,-5.7990522384643555,11.319942474365234,7.302346229553223,5.882267475128174,0.15556488931179047,0.05368579924106598,16.06418800354004,2.530400037765503,0.004393769,0.9071142,0.050277503170183195,5.17982513140202
0.4740000000000002,291.853271484375,79.28475952148438,35.13621139526367,10.879920959472656,4.785719394683838,9.04679012298584,0.16485720872879028,0.07332944869995117,15.382169723510742,1.547515630722046,0.0023189627,1.5095798,0.04972213872483057,5.584812580001662
0.4760000000000002,315.0762023925781,67.80805206298828,70.20568084716797,9.889524459838867,4.974048137664795,8.191609382629395,0.09203402698040009,0.023992909118533134,17.904098510742188,3.9828224182128906,0.0040328526,1.0361197,0.044873807137870765,5.199621902079117
0.4780000000000002,351.1354675292969,90.0512924194336,38.42670822143555,7.777709484100342,4.541006088256836,11.230827331542969,1.3716051578521729,0.4544822871685028,18.112871170043945,0.9393014907836914,0.07933619,1.0482517,0.02594932288883257,1.5247507924651507
0.4800000000000002,358.158203125,-30.675390243530273,-36.378761291503906,13.712122917175293,49.028350830078125,23.44133949279785,1.6375494003295898,0.8444141149520874,22.593080520629883,4.367959499359131,0.13905916,1.3257757,0.4711931835598093,2.901255960387725
0.4820000000000002,381.3462219238281,-52.82139205932617,-48.50355911254883,8.107939720153809,1.9641120433807373,3.678011417388916,1.0843225717544556,0.44419240951538086,30.862401962280273,2.333514451980591,0.22972682,1.2296287,0.01854147785554502,1.429680003307766
0.4840000000000002,416.8138122558594,-47.48859786987305,-67.3783187866211,10.781274795532227,4.7411627769470215,6.206860065460205,1.5358749628067017,0.2591415047645569,39.93064498901367,3.2589669227600098,0.27705875,0.9450954,0.05907794617824834,2.0624191639434555
0.4860000000000002,404.8822326660156,-44.992130279541016,-65.13240814208984,8.609029769897461,4.474634170532227,5.007033824920654,5.009217739105225,1.9071458578109741,28.097454071044922,3.5029993057250977,0.6774316,1.4086288,0.028133869301430966,1.2879708304187503
0.4880000000000002,425.74688720703125,-52.58492660522461,-63.32135772705078,6.019799709320068,6.208080768585205,7.4002766609191895,3.4126527309417725,1.3982503414154053,34.225067138671875,2.2589848041534424,0.74079084,1.0920715,0.06418959227941316,1.7283392454366875
0.4900000000000002,444.49072265625,-67.41704559326172,-52.0770263671875,6.3234543800354,7.769360542297363,11.596596717834473,6.021088123321533,2.280338764190674,36.43925476074219,3.0853843688964844,1.6619471,1.0955361,0.07913637435182762,1.4589380173824802
0.5020000000000002,430.55596923828125,-63.86270523071289,-57.69652557373047,4.936886787414551,6.360805511474609,9.086333274841309,4.540853023529053,1.1451586484909058,39.959800720214844,1.486998438835144,0.7169497,1.6608114,0.018469376302112515,1.1852264235132601
0.5040000000000002,432.4156494140625,-51.158119201660156,-74.42962646484375,11.72258186340332,8.763833999633789,17.34342384338379,3.3634958267211914,2.4133925437927246,40.80249786376953,2.190781354904175,0.27175018,0.98650444,0.034850184966801756,1.3699994809016498
0.5060000000000002,426.7352294921875,-51.18520736694336,-75.33739471435547,5.936281681060791,3.892451286315918,5.461185932159424,0.3589879870414734,0.18283212184906006,52.44209289550781,6.966048717498779,0.018041799,1.3395764,0.013527182790126789,2.439302986512627
0.5080000000000002,460.1561279296875,-57.91394805908203,-68.93153381347656,25.02492904663086,11.978107452392578,23.729507446289062,0.11503025889396667,0.044277939945459366,66.57884979248047,16.348093032836914,0.008562776,0.647869,0.0890288247290845,5.811636904994223
0.5140000000000002,NaN,NaN,NaN,NaN,NaN,NaN,NaN,NaN,NaN,NaN,NaN,NaN,NaN,NaN
0.5160000000000002,NaN,NaN,NaN,NaN,NaN,NaN,NaN,NaN,NaN,NaN,NaN,NaN,NaN,NaN
0.5240000000000002,NaN,NaN,NaN,NaN,NaN,NaN,NaN,NaN,NaN,NaN,NaN,NaN,NaN,NaN
0.5340000000000003,NaN,NaN,NaN,NaN,NaN,NaN,NaN,NaN,NaN,NaN,NaN,NaN,NaN,NaN
0.5360000000000003,NaN,NaN,NaN,NaN,NaN,NaN,NaN,NaN,NaN,NaN,NaN,NaN,NaN,NaN
0.5420000000000003,NaN,NaN,NaN,NaN,NaN,NaN,NaN,NaN,NaN,NaN,NaN,NaN,NaN,NaN
0.5500000000000003,356.21563720703125,-72.36463928222656,1.439244270324707,3.265881299972534,5.233328342437744,9.158323287963867,1.014672040939331,0.6552870869636536,16.84125518798828,3.8445677757263184,0.014202819,0.8907756,0.02017198775587636,2.2787900437616715
0.5520000000000003,375.63214111328125,-80.88124084472656,-1.623746633529663,11.549872398376465,6.31074333190918,6.434632778167725,0.1328161507844925,0.09046515077352524,25.494050979614258,6.309399604797363,0.0022824802,0.7038394,0.02635285600708476,5.1538086316065215
0.5540000000000003,381.3828430175781,-78.17506408691406,-4.264917373657227,10.406745910644531,9.179204940795898,13.257000923156738,1.2237006425857544,1.0779350996017456,28.46404457092285,5.071662425994873,0.03315241,1.2418858,0.03237127373168522,1.897776239475867
0.5560000000000003,356.87701416015625,-84.55878448486328,3.8803117275238037,7.619740009307861,4.301185607910156,6.945498466491699,9.688414573669434,3.034320592880249,26.398466110229492,1.5984951257705688,0.38934585,0.87280095,0.022779377849842346,1.3435447121822337
0.5640000000000003,NaN,NaN,NaN,NaN,NaN,NaN,NaN,NaN,NaN,NaN,NaN,NaN,NaN,NaN
0.5660000000000003,NaN,NaN,NaN,NaN,NaN,NaN,NaN,NaN,NaN,NaN,NaN,NaN,NaN,NaN
0.5780000000000003,396.8799133300781,-61.2169075012207,-45.784461975097656,15.064358711242676,12.304877281188965,16.98485565185547,2.792503833770752,1.915757656097412,28.956480026245117,5.686439514160156,0.6137695,0.747617,0.06390444954389878,1.3648253399363144
0.5800000000000003,442.9743957519531,-88.53266906738281,-30.34741973876953,7.8847808837890625,8.326419830322266,6.914027690887451,0.4542389512062073,0.1103038489818573,34.06852340698242,2.43587327003479,0.067483276,1.0589597,0.024539773838729004,1.79062413453949
0.5820000000000003,438.2502746582031,-73.34717559814453,-43.22296905517578,20.983078002929688,18.714059829711914,17.937307357788086,1.043629765510559,0.9720478057861328,31.390722274780273,4.203497409820557,0.2021953,0.91374886,0.07141451875128413,1.5379547007916192
0.5840000000000003,432.1641845703125,-70.53152465820312,-44.03556823730469,20.682363510131836,16.633033752441406,20.794797897338867,1.6814948320388794,2.202122926712036,31.891138076782227,7.550187587738037,0.4857173,0.7142621,0.09943715696471672,1.5198974186460252
0.5860000000000003,427.6488037109375,-65.45122528076172,-46.812225341796875,21.764541625976562,15.096729278564453,12.183073997497559,0.605369508266449,0.45454156398773193,34.7885627746582,6.267912864685059,0.15358551,0.60701483,0.06849182416528869,1.805599061965121
0.5940000000000003,460.5476989746094,-88.718505859375,-33.67890930175781,10.892247200012207,7.590414047241211,8.579160690307617,0.45100483298301697,0.14093105494976044,59.17653274536133,6.272933483123779,0.064924404,0.61849236,0.030046621992826743,2.300875383285053
0.5960000000000003,450.901611328125,-80.7964859008789,-45.521934509277344,14.090402603149414,6.77033805847168,5.474310398101807,0.2516200542449951,0.12461289763450623,56.81578826904297,7.274740695953369,0.03243098,1.0734404,0.04805268636058899,3.3207609049630653
0.5980000000000003,481.1744689941406,-89.63497924804688,-51.968589782714844,10.809263229370117,13.009315490722656,16.412553787231445,0.20460042357444763,0.14802387356758118,88.28175354003906,34.86297607421875,0.031054644,1.2384143,0.03294880694680577,2.3553235920347326
0.6000000000000003,528.3899536132812,-75.8166275024414,-71.75011444091797,15.933086395263672,9.605010986328125,17.27646255493164,3.2652196884155273,0.5913445353507996,52.54460525512695,9.453558921813965,0.26700753,0.77579993,0.0412708078439213,1.483996494416745
0.6080000000000003,NaN,NaN,NaN,NaN,NaN,NaN,NaN,NaN,NaN,NaN,NaN,NaN,NaN,NaN
0.6120000000000003,NaN,NaN,NaN,NaN,NaN,NaN,NaN,NaN,NaN,NaN,NaN,NaN,NaN,NaN
0.6180000000000003,364.76361083984375,-57.577823638916016,-39.60105895996094,6.526325702667236,3.383018732070923,3.6961910724639893,0.7031575441360474,0.41572022438049316,36.76386642456055,9.884655952453613,0.6004231,0.82025474,0.07158735600686066,2.4204577441308883
0.6200000000000003,376.76483154296875,-59.552978515625,-42.27588653564453,6.0438947677612305,4.91152286529541,6.310684680938721,1.373679518699646,0.6264066100120544,41.80175018310547,9.241960525512695,0.89099765,0.80263937,0.06621226815502708,1.9503532882709806
0.6220000000000003,366.71685791015625,-66.62434387207031,-51.04816436767578,13.02005386352539,4.33530330657959,8.693936347961426,1.2514572143554688,0.6292102336883545,97.85978698730469,30.605239868164062,2.5765593,0.9968814,0.033852605447528036,1.2516469645046646
0.6240000000000003,410.5986022949219,-71.68944549560547,-31.45922088623047,12.93143081665039,7.324033737182617,6.060202121734619,0.711660623550415,0.3454701602458954,24.736753463745117,3.886730909347534,0.17864703,0.7287539,0.030840490635124937,1.4890239995531918
0.6260000000000003,454.8641357421875,-88.86676788330078,-21.479045867919922,7.322717666625977,2.0112781524658203,3.33548641204834,1.7092700004577637,0.41271448135375977,28.17572784423828,1.3757070302963257,0.1477585,0.78943413,0.0463160118428413,2.627994853444712
0.6320000000000003,NaN,NaN,NaN,NaN,NaN,NaN,NaN,NaN,NaN,NaN,NaN,NaN,NaN,NaN
0.6340000000000003,NaN,NaN,NaN,NaN,NaN,NaN,NaN,NaN,NaN,NaN,NaN,NaN,NaN,NaN
0.6420000000000003,292.8054504394531,-41.10541915893555,-37.393943786621094,3.5232090950012207,5.412001609802246,6.239516735076904,0.25446903705596924,0.07677621394395828,18.284481048583984,1.1830922365188599,0.015806148,1.5249681,0.02297817563433867,2.4662453397961217
0.6440000000000003,297.90081787109375,-43.044281005859375,-33.425045013427734,12.271136283874512,11.092940330505371,12.215012550354004,0.09990424662828445,0.04017120599746704,18.07231330871582,1.799924612045288,0.013037298,1.2325884,0.0678589014539895,3.2377716535331564
0.6460000000000004,346.20184326171875,-58.364845275878906,-28.46821403503418,5.828521251678467,4.726861953735352,6.424679279327393,0.03994477912783623,0.005295423325151205,21.340044021606445,3.451533555984497,0.0056109363,1.1974847,0.06132644486078856,8.04451333413851
0.6540000000000004,NaN,NaN,NaN,NaN,NaN,NaN,NaN,NaN,NaN,NaN,NaN,NaN,NaN,NaN
0.6560000000000004,NaN,NaN,NaN,NaN,NaN,NaN,NaN,NaN,NaN,NaN,NaN,NaN,NaN,NaN
0.6640000000000004,399.0293273925781,-62.12738037109375,-42.75790023803711,8.679328918457031,7.3419013023376465,5.934834957122803,1.3940958976745605,0.4169849157333374,24.429912567138672,1.478360891342163,0.37565422,0.9703978,0.03575330032108437,1.4445001329462976
0.6660000000000004,411.0694274902344,-60.436859130859375,-50.26765441894531,10.043744087219238,6.388089179992676,8.377713203430176,4.195137023925781,1.441188931465149,24.937923431396484,2.7235305309295654,1.083359,0.9609081,0.03688161245196686,1.241123224135644
0.6720000000000004,364.0345764160156,-46.438289642333984,-53.98308563232422,7.860502243041992,11.867846488952637,13.109521865844727,5.740602016448975,1.6856755018234253,26.174177169799805,2.3791391849517822,0.5198405,0.9089416,0.06600070617244022,1.4887803309226357
0.6740000000000004,334.9658203125,-35.17913055419922,-59.7679328918457,1.5617567300796509,3.0075013637542725,2.9001283645629883,1.710270643234253,0.9517692923545837,17.57516098022461,0.6879466772079468,0.03271429,1.2363685,0.010329137451737493,1.9765290158564395
0.6760000000000004,314.7895202636719,-39.33924865722656,-44.721988677978516,12.795210838317871,14.989466667175293,13.922286987304688,1.1360465288162231,0.7267787456512451,18.56735610961914,1.4000728130340576,0.090155065,0.6680162,0.06010494849307083,1.7929573012911386
0.6820000000000004,NaN,NaN,NaN,NaN,NaN,NaN,NaN,NaN,NaN,NaN,NaN,NaN,NaN,NaN
0.6860000000000004,311.7571105957031,-40.4898567199707,-43.38272476196289,5.4309868812561035,8.227725982666016,11.276992797851562,0.04354177415370941,0.011699219234287739,30.118528366088867,5.338813781738281,0.0045366264,1.1782697,0.3150835473057703,32.71778555953681
0.6880000000000004,319.749755859375,-39.42325210571289,-44.86478805541992,9.172986030578613,4.435689926147461,5.772553443908691,0.2030726671218872,0.11084408313035965,21.68590545654297,2.070911407470703,0.044250388,1.1874644,0.08176266527295743,3.8524340710856815
0.6920000000000004,341.0384826660156,-26.251846313476562,-69.66735076904297,6.266750812530518,4.970937728881836,6.455803871154785,1.2735118865966797,0.2736891210079193,14.379046440124512,2.0988731384277344,0.1533455,1.0888689,0.023976339179138762,1.4295813679103913
0.6940000000000004,345.41680908203125,-40.088645935058594,-48.73378372192383,12.563127517700195,8.653413772583008,5.675554275512695,0.33481764793395996,0.08138970285654068,18.995445251464844,2.5211966037750244,0.104238436,0.79624575,0.05981295152936115,2.0445572555375398
0.6980000000000004,404.2309875488281,-67.48435974121094,-36.44141387939453,4.065691947937012,5.463804244995117,5.935146808624268,0.6043189167976379,0.06217454373836517,24.60708999633789,2.742016077041626,0.15023594,0.5855518,0.018877327855867508,1.615348840308438
0.7000000000000004,338.5698547363281,-57.84215545654297,-27.590181350708008,7.810622215270996,3.228739023208618,4.675267219543457,0.46174487471580505,0.14766788482666016,16.521373748779297,1.597666621208191,0.057127487,1.0689895,0.020019299692765537,1.674616268493181
0.7020000000000004,364.5856628417969,-65.03894805908203,-23.832517623901367,13.139772415161133,6.34540319442749,9.056307792663574,0.1527038961648941,0.04043106362223625,17.54761505126953,3.237299680709839,0.0219031,0.86162114,0.04085113314533616,2.3832523097616383
0.7040000000000004,353.8681335449219,-42.96200942993164,-49.61116409301758,7.086719989776611,7.152774333953857,9.118959426879883,0.32468438148498535,0.2767462134361267,21.699928283691406,1.3528292179107666,0.055276763,0.55486155,0.025684154370144128,1.8744056582359856
0.7100000000000004,343.8496398925781,-35.62774658203125,-55.26390075683594,17.384742736816406,8.078131675720215,3.526320219039917,0.3292669653892517,0.08983424305915833,19.13392448425293,3.083097457885742,0.051728528,1.1299604,0.10331974443151645,2.9143325675933647
0.7120000000000004,366.2550048828125,-49.275108337402344,-43.60603713989258,6.375284671783447,3.0264101028442383,3.4893877506256104,0.2958937883377075,0.061373233795166016,21.22431755065918,1.403139352798462,0.063018896,1.4184746,0.16334737030641078,7.590591849839825
0.7140000000000004,391.5893249511719,-45.058406829833984,-59.8150520324707,10.180304527282715,6.507683753967285,7.216142177581787,1.1909371614456177,0.5139088034629822,22.391130447387695,1.1607544422149658,0.40968502,0.98534167,0.035101971398829514,1.3627132855230584
0.7180000000000004,383.0760803222656,-44.09842300415039,-56.21457290649414,3.4514880180358887,6.688733100891113,8.062786102294922,0.14989176392555237,0.043686725199222565,23.127456665039062,1.852576494216919,0.19516455,1.1257577,0.022773970115983817,1.422601997067763
0.7200000000000004,458.72259521484375,-59.34605407714844,-64.72361755371094,8.174038887023926,4.03888463973999,5.862207889556885,0.08936893194913864,0.018678534775972366,36.861846923828125,4.900745868682861,0.052068505,1.272395,0.03861877408058635,2.707045849903891
0.7220000000000004,536.1251831054688,-95.72474670410156,-46.5951042175293,12.678685188293457,5.749356269836426,6.54164457321167,0.9191060066223145,0.5393575429916382,42.097599029541016,3.2226438522338867,0.43104348,1.2347139,0.03372218547423838,1.3943637376996136
0.7260000000000004,529.7897338867188,108.24153900146484,69.88555145263672,12.628249168395996,8.027925491333008,11.363632202148438,0.015324394218623638,0.0037244779523462057,67.17462921142578,17.082616806030273,0.006245891,1.1803503,0.03041767139586179,4.104873120584967
0.7280000000000004,550.349365234375,130.05038452148438,17.226703643798828,62.615455627441406,54.45476531982422,79.87747955322266,0.05120337754487991,0.03641626238822937,18.79435157775879,26.883188247680664,0.002710664,1.3240103,0.25567158222886427,4.280949638332736
0.7300000000000004,391.57025146484375,85.17919158935547,47.357017517089844,14.660457611083984,2.944500207901001,8.64836311340332,1.0627670288085938,0.8717536926269531,25.312101364135742,4.474018096923828,5.487928,0.5740124,0.0303165267855849,1.0871910976326775
0.7320000000000004,369.0822448730469,67.61451721191406,71.00944519042969,11.93073558807373,7.148131847381592,9.50712776184082,0.0322541743516922,0.0055247764103114605,37.699302673339844,6.2672119140625,0.015816895,0.9694979,0.09939398330292831,6.696252486895961
0.7340000000000004,380.549072265625,65.55342864990234,81.68709564208984,6.722397327423096,12.7816162109375,19.122880935668945,0.2817959487438202,0.20500117540359497,29.231597900390625,3.7932517528533936,0.5068409,1.2167234,0.11817765207474017,1.685265651774236
0.7360000000000004,329.85870361328125,-49.757511138916016,-34.704078674316406,8.318888664245605,3.7737746238708496,2.997637987136841,0.12008416652679443,0.040056075900793076,23.648113250732422,2.692732572555542,0.10942019,1.1816868,0.029670243132121046,1.8387274818535482
0.7380000000000004,386.773193359375,-18.16592025756836,-8.835395812988281,14.938776969909668,73.00788879394531,42.00716781616211,0.5441347360610962,0.44521966576576233,24.968158721923828,9.10472583770752,0.17700395,1.1869335,0.19160317177919622,1.4910135924296362
0.7400000000000004,362.07568359375,-44.061031341552734,-49.002784729003906,19.277259826660156,11.39115047454834,7.682554721832275,0.25380054116249084,0.1302589476108551,20.09121322631836,2.8894410133361816,0.03566686,1.20451,0.06332611900694145,2.1658412558725075
0.7420000000000004,372.3531799316406,-63.08879089355469,-27.642370223999023,14.144919395446777,3.6917262077331543,3.755607843399048,0.12091026455163956,0.05313917621970177,21.315868377685547,2.057480573654175,0.0717031,1.2001876,0.030252460388513824,1.6353869568789623
0.7460000000000004,390.6972351074219,-4.789139747619629,-46.96798324584961,5.741239070892334,60.87685775756836,36.208106994628906,4.87702751159668,3.570444107055664,25.796730041503906,5.001176357269287,0.5465245,0.6108067,0.1276085916080635,1.2806242418586171
0.7480000000000004,324.03533935546875,91.08660888671875,-4.751657962799072,0.9988164305686951,1.234014868736267,3.194540023803711,0.20195724070072174,0.026726266369223595,17.355566024780273,2.0955212116241455,0.032452658,0.76391435,0.008177218165603338,2.130408257899653
0.7500000000000004,329.9681091308594,-46.91485595703125,-40.4152717590332,4.520191669464111,4.329822063446045,8.42362117767334,0.024308236315846443,0.0045546675100922585,23.94796371459961,3.181985855102539,0.039002944,1.1931349,0.027663319063771286,2.2033989519906454
0.7520000000000004,324.20855712890625,80.0492935180664,30.054441452026367,5.538868427276611,4.7503662109375,6.025221824645996,0.045123521238565445,0.015713661909103394,30.458911895751953,8.104879379272461,0.084789835,1.3597115,0.019673401626043887,1.6926998799652322
0.7560000000000004,343.0982360839844,-62.2899169921875,-22.057153701782227,16.431324005126953,10.466192245483398,16.8016414642334,2.7048346996307373,1.7894319295883179,25.17584228515625,5.53455114364624,0.3019854,0.9719189,0.061316766256152545,1.4300279744267987
0.7580000000000005,NaN,NaN,NaN,NaN,NaN,NaN,NaN,NaN,NaN,NaN,NaN,NaN,NaN,NaN
0.7600000000000005,348.7625427246094,-71.3457260131836,-21.33075523376465,16.232511520385742,8.741403579711914,8.524724006652832,0.017725558951497078,0.004433847963809967,56.75124740600586,17.159658432006836,0.010424556,0.44515577,0.23371233884579043,21.934761382885377
0.7620000000000005,327.67877197265625,82.31303405761719,34.73414611816406,8.069856643676758,3.8663859367370605,5.817197799682617,0.036043617874383926,0.005385988391935825,42.96936798095703,8.015501976013184,0.011542567,1.1164519,0.0634595398284658,7.840570155505919
0.7640000000000005,348.35858154296875,14.454197883605957,12.45899772644043,20.97132682800293,56.43470764160156,56.63011169433594,0.10603712499141693,0.1588524878025055,36.62028884887695,18.421764373779297,0.03222743,0.8019109,0.7111747721436715,7.094004112081233
0.7660000000000005,381.9548645019531,-69.14665985107422,-16.180206298828125,1.9681600332260132,3.9878509044647217,5.630063056945801,0.6025261878967285,0.14300644397735596,14.397639274597168,1.7435529232025146,0.03617657,1.602744,0.019730887896247464,1.9070316019162186
0.7680000000000005,391.5299987792969,-76.08796691894531,-17.78872299194336,9.59234619140625,3.1315174102783203,7.900214195251465,1.8031165599822998,1.2933958768844604,15.800947189331055,4.1207499504089355,0.4567855,1.23786,0.04234191761790522,1.3533868965336704
0.7700000000000005,364.3009948730469,-58.496734619140625,-30.438297271728516,10.780244827270508,3.584994077682495,3.9402120113372803,1.6152987480163574,1.6005058288574219,18.40105438232422,3.0339887142181396,0.4489429,1.3177596,0.1373897156038808,2.3006873361865763
0.7720000000000005,349.1437683105469,41.80517578125,36.2186279296875,11.422263145446777,49.850772857666016,49.77629852294922,0.34049078822135925,0.1944204568862915,18.851627349853516,2.817986488342285,0.021781648,1.0688838,0.1555640790371443,2.2273757148246784
0.7740000000000005,337.4977111816406,-58.48384094238281,-22.325172424316406,3.309443235397339,1.8093185424804688,2.433720827102661,3.8396389484405518,1.2846254110336304,13.993343353271484,1.7288925647735596,0.34242687,0.88338846,0.035221592709415314,2.0223943954365637
0.7760000000000005,279.6497802734375,34.29998016357422,-16.209918975830078,9.794893264770508,45.71250534057617,37.94990158081055,0.04592205956578255,0.026516789570450783,20.833553314208984,6.179337024688721,0.020721983,1.5623635,0.16280496085263502,2.4311426587678557
0.7780000000000005,282.022705078125,-37.78764724731445,-27.5303955078125,11.292080879211426,6.369489669799805,6.698978424072266,0.972550094127655,0.32401835918426514,11.849750518798828,2.001711368560791,0.1383132,0.50782365,0.05445992968474754,1.824883657830199
0.7800000000000005,273.0525207519531,-41.00684356689453,-21.311168670654297,6.5623908042907715,4.018579006195068,4.659051418304443,0.20836323499679565,0.058277614414691925,12.133652687072754,1.691543459892273,0.036982942,1.0128424,0.09928568834654443,4.896609837079611
0.7820000000000005,266.2073974609375,-24.874563217163086,-47.498050689697266,6.465993881225586,17.065465927124023,13.515799522399902,0.013952274806797504,0.007396380417048931,35.931182861328125,30.6363525390625,0.022914063,1.7093041,0.1978753019272784,6.565127777634597
